City_ID,City,Country,Date,Lat,Lng,Max Temp,Humidity,Cloudiness,Wind Speed
0,Georgetown,MY,2021-12-10 03:35:32,5.4112,100.3354,87.89,64,20,1.99
1,High Level,CA,2021-12-10 03:35:33,58.5169,-117.136,-3.89,84,1,0.0
2,Tigil,RU,2021-12-10 03:35:33,57.8,158.6667,19.67,95,100,5.55
3,Hamilton,US,2021-12-10 03:33:11,39.1834,-84.5333,56.25,64,90,1.99
4,Samarai,PG,2021-12-10 03:35:34,-10.6167,150.6667,84.83,73,100,20.36
5,Ushuaia,AR,2021-12-10 03:31:31,-54.8,-68.3,49.66,71,20,3.44
6,Ayan,RU,2021-12-10 03:35:35,56.45,138.1667,16.97,63,58,10.13
7,Atuona,PF,2021-12-10 03:35:35,-9.8,-139.0333,78.55,68,77,13.51
8,Kavaratti,IN,2021-12-10 03:35:36,10.5669,72.642,82.78,72,50,9.84
9,Castro,BR,2021-12-10 03:35:36,-24.7911,-50.0119,51.93,97,2,4.76
10,Upernavik,GL,2021-12-10 03:35:37,72.7868,-56.1549,-0.35,98,92,9.53
11,Rikitea,PF,2021-12-10 03:34:19,-23.1203,-134.9692,75.67,75,78,18.79
12,Codrington,AU,2021-12-10 03:35:38,-38.2667,141.9667,61.36,56,79,15.75
13,Santa Paula,US,2021-12-10 03:31:04,34.3542,-119.0593,55.67,78,1,3.0
14,Escanaba,US,2021-12-10 03:33:15,45.7453,-87.0646,34.93,95,90,6.91
15,Carnarvon,AU,2021-12-10 03:35:38,-24.8667,113.6333,80.67,57,0,19.57
16,Karratha,AU,2021-12-10 03:35:39,-20.7377,116.8463,99.79,30,11,12.48
17,Vaini,TO,2021-12-10 03:35:39,-21.2,-175.2,84.36,79,20,6.91
18,Kaitangata,NZ,2021-12-10 03:35:40,-46.2817,169.8464,60.93,66,70,7.29
19,Bredasdorp,ZA,2021-12-10 03:34:31,-34.5322,20.0403,64.27,88,86,9.22
20,Jamestown,US,2021-12-10 03:34:06,42.097,-79.2353,36.99,68,90,7.0
21,Shingu,JP,2021-12-10 03:35:41,33.7333,135.9833,63.59,78,81,1.83
22,De-Kastri,RU,2021-12-10 03:35:41,51.4667,140.7833,31.91,72,100,3.44
23,Chalus,IR,2021-12-10 03:35:42,36.655,51.4204,60.26,72,40,11.5
24,Hithadhoo,MV,2021-12-10 03:35:42,-0.6,73.0833,81.73,77,83,13.47
25,Kodiak,US,2021-12-10 03:35:43,57.79,-152.4072,35.11,69,90,9.22
26,Longyearbyen,SJ,2021-12-10 03:35:43,78.2186,15.6401,24.64,80,40,2.3
27,Lisakovsk,KZ,2021-12-10 03:35:44,52.5369,62.4936,11.82,76,86,8.57
28,New Norfolk,AU,2021-12-10 03:35:44,-42.7826,147.0587,62.91,52,85,1.99
29,Hobart,AU,2021-12-10 03:31:27,-42.8794,147.3294,62.28,77,75,18.41
30,Aripuana,BR,2021-12-10 03:35:45,-9.1667,-60.6333,73.62,97,100,1.48
31,Cooma,AU,2021-12-10 03:35:45,-36.2333,149.1333,49.77,100,90,24.16
32,Cap Malheureux,MU,2021-12-10 03:35:46,-19.9842,57.6142,79.47,68,49,5.01
33,Mahebourg,MU,2021-12-10 03:35:46,-20.4081,57.7,79.25,88,40,2.3
34,Nikolskoye,RU,2021-12-10 03:35:47,59.7035,30.7861,-0.2,94,16,6.02
35,Saldanha,ZA,2021-12-10 03:35:47,-33.0117,17.9442,59.05,96,47,2.46
36,Barra Patuca,HN,2021-12-10 03:35:47,15.8,-84.2833,76.89,85,20,9.75
37,Brazzaville,CG,2021-12-10 03:35:48,-4.2658,15.2832,71.96,94,99,3.44
38,Mandalgovi,MN,2021-12-10 03:35:49,45.7625,106.2708,19.31,72,100,15.82
39,Anori,BR,2021-12-10 03:35:49,-3.7728,-61.6442,74.73,95,100,2.68
40,Ashland,US,2021-12-10 03:35:03,40.8167,-82.2665,41.76,70,100,11.88
41,Punta Arenas,CL,2021-12-10 03:30:54,-53.15,-70.9167,50.11,62,0,11.5
42,Butaritari,KI,2021-12-10 03:35:50,3.0707,172.7902,82.49,76,100,8.81
43,Tuktoyaktuk,CA,2021-12-10 03:35:50,69.4541,-133.0374,-5.8,84,1,8.05
44,Saskylakh,RU,2021-12-10 03:35:51,71.9167,114.0833,-13.45,98,100,6.73
45,Ginda,IN,2021-12-10 03:35:52,30.6945,78.4932,53.65,12,0,1.92
46,Ostrovnoy,RU,2021-12-10 03:35:52,68.0531,39.5131,10.44,90,70,17.16
47,Ponta Delgada,PT,2021-12-10 03:35:53,37.7333,-25.6667,59.5,82,40,4.61
48,Mataura,NZ,2021-12-10 03:35:53,-46.1927,168.8643,60.48,40,59,8.95
49,Sabang,ID,2021-12-10 03:35:54,5.8933,95.3214,82.06,76,89,19.06
50,Zapolyarnyy,RU,2021-12-10 03:35:55,69.4154,30.8136,16.88,96,74,10.36
51,Barrancabermeja,CO,2021-12-10 03:35:56,7.0653,-73.8547,74.03,96,95,0.6
52,Saint-Philippe,RE,2021-12-10 03:35:56,-21.3585,55.7679,80.15,77,44,9.8
53,Bluff,NZ,2021-12-10 03:35:57,-46.6,168.3333,60.8,64,68,12.53
54,Port Alfred,ZA,2021-12-10 03:35:57,-33.5906,26.891,71.13,91,57,4.23
55,Avarua,CK,2021-12-10 03:35:58,-21.2078,-159.775,78.85,73,90,3.44
56,Beisfjord,NO,2021-12-10 03:35:58,68.3751,17.5988,19.96,78,75,9.86
57,Kruisfontein,ZA,2021-12-10 03:35:59,-34.0033,24.7314,65.88,96,100,3.42
58,Mingguang,CN,2021-12-10 03:35:59,32.7802,117.9638,59.02,40,28,6.51
59,Luderitz,NA,2021-12-10 03:35:59,-26.6481,15.1594,60.13,79,0,5.64
60,Srednekolymsk,RU,2021-12-10 03:36:00,67.45,153.6833,-45.0,100,96,4.14
61,Clyde River,CA,2021-12-10 03:36:00,70.4692,-68.5914,-12.77,84,21,4.61
62,Grande Prairie,CA,2021-12-10 03:32:43,55.1667,-118.8027,19.58,63,1,12.66
63,Nanortalik,GL,2021-12-10 03:36:01,60.1432,-45.2371,23.7,80,94,4.54
64,La Ronge,CA,2021-12-10 03:36:02,55.1001,-105.2842,19.65,86,90,6.91
65,Dwarka,IN,2021-12-10 03:36:02,22.2394,68.9678,74.89,48,2,15.88
66,Provideniya,RU,2021-12-10 03:36:03,64.3833,-173.3,3.36,85,75,11.18
67,Cidreira,BR,2021-12-10 03:31:18,-30.1811,-50.2056,66.13,67,4,10.0
68,Olafsvik,IS,2021-12-10 03:36:04,64.8945,-23.7142,37.0,79,100,16.17
69,Jiaojiang,CN,2021-12-10 03:36:04,28.6803,121.4428,66.99,59,1,5.12
70,Harlingen,US,2021-12-10 03:31:06,26.1906,-97.6961,78.94,96,20,13.8
71,Erzin,TR,2021-12-10 03:36:05,36.9559,36.2,48.72,70,3,5.3
72,Sar-E Pul,AF,2021-12-10 03:36:05,35.8333,66.1667,48.11,16,0,7.47
73,Aklavik,CA,2021-12-10 03:36:06,68.2191,-135.0107,2.23,99,44,7.4
74,Tigzirt,DZ,2021-12-10 03:36:06,36.8886,4.1198,53.2,73,24,15.64
75,Te Anau,NZ,2021-12-10 03:36:07,-45.4167,167.7167,70.03,35,91,4.52
76,Paamiut,GL,2021-12-10 03:36:08,61.994,-49.6678,19.35,89,100,8.63
77,Nome,US,2021-12-10 03:36:08,64.5011,-165.4064,8.67,66,1,10.36
78,Alghero,IT,2021-12-10 03:36:09,40.5589,8.3181,50.09,66,40,6.91
79,Goderich,CA,2021-12-10 03:36:10,43.7501,-81.7165,35.91,75,100,13.8
80,Busselton,AU,2021-12-10 03:36:10,-33.65,115.3333,77.04,55,63,14.67
81,Port Elizabeth,ZA,2021-12-10 03:33:08,-33.918,25.5701,68.29,100,90,2.3
82,Aloleng,PH,2021-12-10 03:36:12,16.1307,119.7824,82.96,53,98,10.92
83,Kropotkin,RU,2021-12-10 03:36:13,45.4375,40.5756,45.25,87,75,4.83
84,Mar Del Plata,AR,2021-12-10 03:34:49,-38.0023,-57.5575,66.87,91,0,23.0
85,Mishelevka,RU,2021-12-10 03:36:15,52.8575,103.1719,7.16,84,96,2.77
86,Portland,US,2021-12-10 03:34:17,45.5234,-122.6762,42.75,93,75,5.01
87,Arraial Do Cabo,BR,2021-12-10 03:36:15,-22.9661,-42.0278,70.61,80,18,10.27
88,Turbat,PK,2021-12-10 03:36:16,26.0023,63.044,67.96,16,66,3.87
89,Chernyshevskiy,RU,2021-12-10 03:36:16,63.0128,112.4714,-2.61,94,100,8.3
90,Kununurra,AU,2021-12-10 03:36:17,-15.7667,128.7333,94.98,41,79,6.91
91,Chiredzi,ZW,2021-12-10 03:36:17,-21.05,31.6667,73.8,63,36,0.72
92,Sao Filipe,CV,2021-12-10 03:36:18,14.8961,-24.4956,74.01,68,83,12.17
93,Thompson,CA,2021-12-10 03:36:19,55.7435,-97.8558,1.56,78,90,9.22
94,Adrar,MR,2021-12-10 03:36:21,20.5022,-10.0711,64.26,15,100,10.89
95,Hermanus,ZA,2021-12-10 03:36:21,-34.4187,19.2345,64.8,89,97,7.54
96,Benguela,AO,2021-12-10 03:36:22,-12.5763,13.4055,77.45,82,47,2.42
97,Herne Bay,GB,2021-12-10 03:36:23,51.373,1.1286,46.42,96,100,5.99
98,Nyurba,RU,2021-12-10 03:36:23,63.2842,118.3319,-2.4,92,100,8.46
99,Starobaltachevo,RU,2021-12-10 03:36:24,56.0013,55.9213,20.35,88,100,3.91
100,Kahului,US,2021-12-10 03:36:24,20.8947,-156.47,79.86,80,20,21.85
101,Cayenne,GF,2021-12-10 03:36:25,4.9333,-52.3333,81.09,86,75,4.0
102,Tiksi,RU,2021-12-10 03:36:25,71.6872,128.8694,-9.09,98,100,6.76
103,Honningsvag,NO,2021-12-10 03:36:26,70.9821,25.9704,26.19,80,15,25.28
104,Taldan,RU,2021-12-10 03:36:26,53.6667,124.8,13.69,67,48,2.98
105,Magaria,NE,2021-12-10 03:36:27,12.9983,8.9099,63.37,15,17,9.08
106,Lai,TD,2021-12-10 03:36:27,9.3952,16.2989,70.74,31,60,4.54
107,Torbay,CA,2021-12-10 03:35:29,47.6666,-52.7314,29.75,92,90,33.38
108,Atherton,GB,2021-12-10 03:36:28,53.5237,-2.4935,43.43,81,100,1.99
109,Doha,QA,2021-12-10 03:32:59,25.2867,51.5333,67.98,77,20,3.44
110,Chuy,UY,2021-12-10 03:36:29,-33.6971,-53.4616,60.76,80,68,7.0
111,Port Keats,AU,2021-12-10 03:36:30,-14.25,129.55,92.35,53,94,3.49
112,Hervey Bay,AU,2021-12-10 03:36:31,-25.2986,152.8535,86.11,71,91,12.77
113,Barrow,US,2021-12-10 03:36:32,71.2906,-156.7887,3.22,85,90,9.22
114,Esperance,AU,2021-12-10 03:36:32,-33.8667,121.9,96.64,38,87,7.87
115,Bengkulu,ID,2021-12-10 03:33:35,-3.8004,102.2655,75.27,90,100,6.6
116,Port Augusta,AU,2021-12-10 03:36:33,-32.5,137.7667,80.71,29,7,12.84
117,Wanning,CN,2021-12-10 03:36:33,18.8003,110.3967,74.3,66,84,13.09
118,Mount Gambier,AU,2021-12-10 03:35:08,-37.8333,140.7667,64.31,48,90,17.27
119,Boa Vista,BR,2021-12-10 03:36:34,2.8197,-60.6733,80.58,83,40,2.3
120,Oktyabrskiy,RU,2021-12-10 03:36:34,54.4815,53.471,22.24,93,100,1.14
121,Qaanaaq,GL,2021-12-10 03:36:34,77.484,-69.3632,-1.25,77,45,8.23
122,Puerto Ayora,EC,2021-12-10 03:36:19,-0.7393,-90.3518,70.02,88,97,6.2
123,Clearwater,US,2021-12-10 03:36:35,27.9659,-82.8001,71.53,86,90,1.01
124,Kalmar,SE,2021-12-10 03:36:35,56.6616,16.3616,33.15,98,90,3.44
125,Merritt,CA,2021-12-10 03:35:35,50.1123,-120.7942,25.63,97,65,0.69
126,Baruun-Urt,MN,2021-12-10 03:36:36,46.6806,113.2792,22.17,57,82,11.14
127,Amapa,BR,2021-12-10 03:36:36,1.0,-52.0,73.24,99,100,1.12
128,Thinadhoo,MV,2021-12-10 03:36:37,0.5333,72.9333,80.94,79,74,11.1
129,Tasiilaq,GL,2021-12-10 03:36:14,65.6145,-37.6368,24.96,56,100,6.8
130,Leshukonskoye,RU,2021-12-10 03:36:37,64.8989,45.7622,1.47,98,91,4.68
131,Cururupu,BR,2021-12-10 03:33:04,-1.8283,-44.8683,76.53,92,65,3.22
132,Coihaique,CL,2021-12-10 03:36:38,-45.5752,-72.0662,63.21,59,0,2.3
133,Inyonga,TZ,2021-12-10 03:36:38,-6.7167,32.0667,66.99,82,89,3.76
134,Port Hedland,AU,2021-12-10 03:36:39,-20.3167,118.5667,89.65,66,75,11.5
135,Petroussa,GR,2021-12-10 03:36:39,41.2,24.0167,57.76,96,100,8.19
136,Emerald,AU,2021-12-10 03:36:39,-23.5333,148.1667,87.35,58,40,4.61
137,Ribeira Grande,PT,2021-12-10 03:36:40,38.5167,-28.7,63.34,63,98,13.11
138,Batagay,RU,2021-12-10 03:36:40,67.6333,134.6333,-38.6,100,84,1.86
139,Hasaki,JP,2021-12-10 03:36:41,35.7333,140.8333,52.29,66,100,14.41
140,Morbegno,IT,2021-12-10 03:36:41,46.1383,9.57,35.98,77,55,5.55
141,Albany,US,2021-12-10 03:36:30,42.6001,-73.9662,30.67,74,100,3.6
142,Lagoa,PT,2021-12-10 03:36:42,39.05,-27.9833,62.62,61,100,10.36
143,Vila Velha,BR,2021-12-10 03:36:42,-20.3297,-40.2925,67.95,93,40,1.01
144,Port Lincoln,AU,2021-12-10 03:36:43,-34.7333,135.8667,64.15,53,43,11.1
145,Springbok,ZA,2021-12-10 03:36:44,-29.6643,17.8865,57.85,57,2,2.13
146,Begowal,IN,2021-12-10 03:36:44,31.6167,75.5167,49.98,43,0,2.37
147,Bereda,ES,2021-12-10 03:36:44,43.2686,-7.5406,57.42,100,100,8.25
148,Pisco,PE,2021-12-10 03:36:45,-13.7,-76.2167,66.25,77,0,12.66
149,Faanui,PF,2021-12-10 03:36:45,-16.4833,-151.75,81.19,71,9,12.91
150,Mayor Pablo Lagerenza,PY,2021-12-10 03:36:46,-19.9309,-60.7718,75.7,43,30,3.11
151,Leh,IN,2021-12-10 03:36:17,34.1667,77.5833,11.39,75,91,4.21
152,Berlevag,NO,2021-12-10 03:36:46,70.8578,29.0864,21.45,79,6,19.26
153,Ust-Nera,RU,2021-12-10 03:36:47,64.5667,143.2,-26.63,99,100,3.56
154,Phangnga,TH,2021-12-10 03:36:47,8.4509,98.5298,84.31,59,64,5.93
155,Cape Town,ZA,2021-12-10 03:36:30,-33.9258,18.4232,64.11,86,0,5.75
156,Sisimiut,GL,2021-12-10 03:36:48,66.9395,-53.6735,20.34,93,99,9.46
157,Tadine,NC,2021-12-10 03:36:49,-21.55,167.8833,82.72,73,18,10.85
158,Fort Morgan,US,2021-12-10 03:36:49,40.2503,-103.8,39.94,64,90,11.5
159,San Policarpo,PH,2021-12-10 03:36:50,12.1791,125.5072,81.1,86,100,15.88
160,Narsaq,GL,2021-12-10 03:36:50,60.9167,-46.05,23.22,78,83,7.56
161,Ulaangom,MN,2021-12-10 03:36:51,49.9811,92.0667,5.92,65,24,3.71
162,Sexsmith,CA,2021-12-10 03:36:51,55.35,-118.786,18.75,63,1,12.66
163,Zamora,EC,2021-12-10 03:36:52,-4.0692,-78.9567,70.07,99,100,0.78
164,Oga,IT,2021-12-10 03:36:52,46.4631,10.347,14.68,72,57,4.54
165,Ugep,NG,2021-12-10 03:36:53,5.8086,8.0812,71.83,94,1,1.1
166,Mashpee,US,2021-12-10 03:36:54,41.6484,-70.4811,33.94,64,40,0.0
167,Boguchar,RU,2021-12-10 03:36:54,49.9358,40.545,30.97,92,11,5.84
168,Souillac,MU,2021-12-10 03:36:55,-20.5167,57.5167,79.36,88,40,2.3
169,Meulaboh,ID,2021-12-10 03:36:56,4.1363,96.1285,83.75,73,96,4.16
170,Mahajanga,MG,2021-12-10 03:36:56,-15.7167,46.3167,78.82,78,20,2.3
171,Zephyrhills,US,2021-12-10 03:36:58,28.2336,-82.1812,71.31,74,90,4.72
172,Agadir,MA,2021-12-10 03:35:11,30.4202,-9.5982,46.85,44,0,3.2
173,Nhulunbuy,AU,2021-12-10 03:37:00,-12.2333,136.7667,88.41,62,40,9.22
174,Geraldton,AU,2021-12-10 03:37:00,-28.7667,114.6,75.61,57,75,14.97
175,Liepaja,LV,2021-12-10 03:37:00,56.5419,21.0367,28.45,86,90,13.8
176,Yellowknife,CA,2021-12-10 03:36:44,62.456,-114.3525,-2.58,90,90,10.36
177,Pitimbu,BR,2021-12-10 03:35:28,-7.4706,-34.8086,81.19,81,59,11.36
178,Yulara,AU,2021-12-10 03:37:01,-25.2406,130.9889,87.64,16,40,10.36
179,Jibuti,DJ,2021-12-10 03:37:02,11.5,42.5,69.22,74,0,12.64
180,Macklin,CA,2021-12-10 03:37:03,52.3334,-109.9348,17.94,85,51,7.4
181,Dikson,RU,2021-12-10 03:36:33,73.5069,80.5464,-26.43,96,58,5.68
182,Buenos Aires,AR,2021-12-10 03:35:59,-34.6132,-58.3772,73.96,75,0,12.66
183,North Bend,US,2021-12-10 03:37:04,43.4065,-124.2243,43.86,99,75,6.91
184,Nouadhibou,MR,2021-12-10 03:37:04,20.931,-17.0347,62.58,77,79,21.85
185,Nitra,SK,2021-12-10 03:37:05,48.3076,18.0845,32.9,98,94,2.68
186,Voyvozh,RU,2021-12-10 03:37:06,62.892,54.9635,-0.44,99,100,4.81
187,Dali,CN,2021-12-10 03:37:06,25.7,100.1833,60.62,44,5,5.41
188,Itaueira,BR,2021-12-10 03:37:07,-7.6033,-43.0256,73.4,87,100,3.65
189,Bethel,US,2021-12-10 03:36:28,41.3712,-73.414,35.69,71,90,0.0
190,Sakhon Nakhon,TH,2021-12-10 03:37:07,17.1612,104.1472,77.09,61,0,4.61
191,Hovd,MN,2021-12-10 03:36:52,48.0056,91.6419,13.75,58,9,2.37
192,Suzaka,JP,2021-12-10 03:37:08,36.65,138.3167,56.1,61,100,1.99
193,Maarianhamina,AX,2021-12-10 03:37:09,60.0973,19.9348,31.86,93,90,14.97
194,Onega,RU,2021-12-10 03:37:09,63.9061,38.1404,3.81,98,84,4.32
195,Los Llanos De Aridane,ES,2021-12-10 03:37:03,28.6585,-17.9182,63.12,65,75,4.0
196,Naze,JP,2021-12-10 03:37:10,28.3667,129.4833,68.92,50,29,4.85
197,Iskateley,RU,2021-12-10 03:37:11,67.6803,53.1512,7.48,96,95,8.95
198,Salalah,OM,2021-12-10 03:37:11,17.0151,54.0924,77.09,53,40,10.36
199,Palm Bay,US,2021-12-10 03:37:12,28.0345,-80.5887,71.01,93,1,1.99
200,Kutum,SD,2021-12-10 03:37:12,14.2,24.6667,56.23,27,0,5.28
201,Cibitoke,BI,2021-12-10 03:37:13,-2.8833,29.25,60.19,85,66,4.18
202,Sinop,TR,2021-12-10 03:33:05,41.7711,34.8709,42.66,72,1,12.75
203,Anchorage,US,2021-12-10 03:35:12,61.2181,-149.9003,23.45,83,40,1.01
204,Victoria,HK,2021-12-10 03:33:30,22.2855,114.1577,74.97,68,1,1.01
205,Slupsk,PL,2021-12-10 03:37:14,54.4641,17.0287,29.41,94,100,7.31
206,Lata,PT,2021-12-10 03:37:14,40.1629,-8.3327,54.91,97,100,5.5
207,Esfarayen,IR,2021-12-10 03:37:15,37.0765,57.5101,29.86,39,0,0.76
208,Severo-Kurilsk,RU,2021-12-10 03:37:15,50.6789,156.125,35.96,85,7,8.75
209,Saint Anthony,US,2021-12-10 03:36:41,45.0205,-93.218,32.95,81,1,3.0
210,Kapaa,US,2021-12-10 03:36:35,22.0752,-159.319,80.58,77,20,1.99
211,Hilo,US,2021-12-10 03:36:29,19.7297,-155.09,79.29,36,90,4.61
212,Alekseyevka,RU,2021-12-10 03:37:18,50.6309,38.6903,37.8,82,100,8.52
213,Sibolga,ID,2021-12-10 03:36:45,1.7427,98.7792,77.13,93,100,2.04
214,Khatanga,RU,2021-12-10 03:37:19,71.9667,102.5,-17.84,98,99,8.41
215,Sao Joao Da Barra,BR,2021-12-10 03:37:20,-21.6403,-41.0511,68.54,89,72,8.28
216,Pacific Grove,US,2021-12-10 03:36:13,36.6177,-121.9166,51.42,83,15,4.0
217,Cabo San Lucas,MX,2021-12-10 03:37:03,22.8909,-109.9124,74.52,66,1,11.5
218,Sioux Lookout,CA,2021-12-10 03:37:21,50.1001,-91.917,21.27,73,20,12.66
219,Kota Belud,MY,2021-12-10 03:37:22,6.351,116.4305,84.06,70,94,5.17
220,Xai-Xai,MZ,2021-12-10 03:37:23,-25.0519,33.6442,77.25,79,78,7.65
221,Saint-Gilles,FR,2021-12-10 03:37:23,43.6766,4.4302,39.15,93,90,3.44
222,Cheyenne,US,2021-12-10 03:33:42,41.14,-104.8203,34.21,70,90,10.36
223,Ayr,GB,2021-12-10 03:37:24,55.4627,-4.6339,40.98,81,75,16.11
224,Cehegin,ES,2021-12-10 03:37:25,38.0924,-1.7985,53.28,74,73,12.26
225,Zatoka,UA,2021-12-10 03:37:25,46.0725,30.4654,52.34,84,100,24.56
226,Lompoc,US,2021-12-10 03:37:26,34.6391,-120.4579,53.38,75,75,13.8
227,Viedma,AR,2021-12-10 03:37:26,-40.8135,-62.9967,59.45,87,0,10.65
228,Praia Da Vitoria,PT,2021-12-10 03:37:27,38.7333,-27.0667,62.76,82,75,8.32
229,Leningradskiy,RU,2021-12-10 03:37:28,69.3833,178.4167,-12.69,90,100,22.26
230,Northam,GB,2021-12-10 03:37:29,51.0333,-4.2167,45.61,70,76,29.46
231,Champerico,GT,2021-12-10 03:37:29,14.3,-91.9167,80.35,81,0,7.47
232,Vostok,RU,2021-12-10 03:37:30,46.4856,135.8833,34.45,92,100,0.13
233,Alofi,NU,2021-12-10 03:37:30,-19.0595,-169.9187,69.69,94,90,16.11
234,Xam Nua,LA,2021-12-10 03:37:31,20.4197,104.0439,72.36,55,61,1.23
235,Zasheyek,RU,2021-12-10 03:37:31,67.4066,32.5499,11.41,93,100,4.07
236,Kiri Buru,IN,2021-12-10 03:37:32,22.0833,85.35,74.14,54,45,3.69
237,Marawi,PH,2021-12-10 03:37:32,7.9986,124.2928,70.65,86,100,5.1
238,Klaksvik,FO,2021-12-10 03:37:33,62.2266,-6.589,41.92,88,100,22.46
239,Elko,US,2021-12-10 03:37:34,41.0002,-115.5012,24.82,73,27,17.0
240,Tiznit,MA,2021-12-10 03:37:35,29.5833,-9.5,55.29,25,0,5.95
241,Fortuna,US,2021-12-10 03:37:35,40.5982,-124.1573,44.98,69,90,0.0
242,Terre Haute,US,2021-12-10 03:37:36,39.4667,-87.4139,49.37,91,1,4.61
243,Guasdualito,VE,2021-12-10 03:37:36,7.2424,-70.7324,76.96,94,20,1.14
244,Komsomolskiy,UZ,2021-12-10 03:37:36,40.4272,71.7189,31.42,68,0,4.61
245,Anamur,TR,2021-12-10 03:37:37,36.0751,32.8369,51.82,78,75,9.57
246,Katsuura,JP,2021-12-10 03:37:37,35.1333,140.3,51.91,66,100,11.81
247,Sambava,MG,2021-12-10 03:37:38,-14.2667,50.1667,77.29,72,99,5.88
248,Ponta Do Sol,PT,2021-12-10 03:37:38,32.6667,-17.1,64.0,77,22,8.28
249,Corinth,GR,2021-12-10 03:35:14,37.9407,22.9573,63.9,79,67,1.99
250,Gat,IL,2021-12-10 03:35:04,31.61,34.7642,58.41,100,52,4.12
251,Ilulissat,GL,2021-12-10 03:36:54,69.2167,-51.1,21.22,45,91,12.66
252,Bathsheba,BB,2021-12-10 03:37:23,13.2167,-59.5167,79.41,73,20,14.97
253,Evans,US,2021-12-10 03:33:03,33.5337,-82.1307,50.2,80,90,1.01
254,Lorengau,PG,2021-12-10 03:37:40,-2.0226,147.2712,85.82,76,100,17.87
255,Iqaluit,CA,2021-12-10 03:36:38,63.7506,-68.5145,4.73,72,75,10.36
256,Madang,PG,2021-12-10 03:37:41,-5.2246,145.7966,89.89,59,93,6.8
257,Sur,OM,2021-12-10 03:37:02,22.5667,59.5289,73.58,43,1,2.35
258,Fredericton,CA,2021-12-10 03:33:17,45.9454,-66.6656,11.25,67,1,3.44
259,Council Bluffs,US,2021-12-10 03:37:43,41.2619,-95.8608,48.42,54,90,6.91
260,Vardo,NO,2021-12-10 03:36:22,70.3705,31.1107,22.95,82,15,23.85
261,Qaqortoq,GL,2021-12-10 03:37:44,60.7167,-46.0333,23.5,90,66,7.34
262,Saint-Augustin,CA,2021-12-10 03:36:35,51.226,-58.6502,16.95,58,100,21.85
263,Isla Aguada,MX,2021-12-10 03:37:45,18.7833,-91.4667,82.44,74,73,11.43
264,Padang,ID,2021-12-10 03:37:46,-0.9492,100.3543,80.65,87,100,4.85
265,Okato,NZ,2021-12-10 03:37:46,-39.2,173.8833,74.43,73,74,7.16
266,Nampula,MZ,2021-12-10 03:37:47,-15.1165,39.2666,71.55,73,0,9.22
267,Chokurdakh,RU,2021-12-10 03:37:47,70.6333,147.9167,-47.81,100,71,3.76
268,Lebu,CL,2021-12-10 03:36:21,-37.6167,-73.65,55.56,92,0,15.35
269,Bara,NG,2021-12-10 03:37:48,10.3744,10.7288,64.74,26,1,7.02
270,Ambatondrazaka,MG,2021-12-10 03:37:49,-17.8333,48.4167,69.91,63,91,1.92
271,Kuybyshevo,RU,2021-12-10 03:37:49,47.8123,38.9073,44.35,95,100,3.87
272,Ouallam,NE,2021-12-10 03:37:50,14.3188,2.0866,65.12,13,74,10.96
273,Beloha,MG,2021-12-10 03:37:50,-25.1667,45.05,81.57,53,5,6.64
274,Pimenta Bueno,BR,2021-12-10 03:37:51,-11.6725,-61.1936,74.07,97,100,1.79
275,Bubaque,GW,2021-12-10 03:37:51,11.2833,-15.8333,81.18,63,38,10.36
276,Beringovskiy,RU,2021-12-10 03:37:52,63.05,179.3167,-4.79,91,100,14.45
277,Taoudenni,ML,2021-12-10 03:37:52,22.6783,-3.9836,64.24,12,100,9.84
278,Roma,US,2021-12-10 03:37:53,43.2128,-75.4557,33.84,80,90,10.36
279,Chinhoyi,ZW,2021-12-10 03:37:53,-17.3667,30.2,70.47,49,4,5.73
280,Grenada,ES,2021-12-10 03:37:53,37.1882,-3.6067,48.69,91,90,0.0
281,Batemans Bay,AU,2021-12-10 03:37:54,-35.7167,150.1833,61.2,93,100,18.75
282,Norman Wells,CA,2021-12-10 03:36:53,65.282,-126.8329,-5.76,77,40,4.61
283,Mindelo,CV,2021-12-10 03:37:54,16.8901,-24.9804,71.15,64,75,31.07
284,Bud,US,2021-12-10 03:37:55,39.447,-86.1758,52.12,91,25,7.74
285,Russkaya Polyana,UA,2021-12-10 03:37:55,49.417,31.9201,41.14,91,100,8.86
286,Yenagoa,NG,2021-12-10 03:37:56,4.9247,6.2642,76.35,94,6,2.66
287,Petropavlovsk-Kamchatskiy,RU,2021-12-10 03:37:56,53.0452,158.6483,21.79,86,90,2.24
288,Sobolevo,RU,2021-12-10 03:37:57,54.4299,31.8996,25.09,94,100,12.33
289,Demyansk,RU,2021-12-10 03:37:57,57.643,32.466,12.38,78,2,9.4
290,Holbeach,GB,2021-12-10 03:37:58,52.804,0.0144,44.65,90,100,10.0
291,Manoel Urbano,BR,2021-12-10 03:37:59,-8.8389,-69.2597,73.35,99,100,1.57
292,Guerrero Negro,MX,2021-12-10 03:38:00,27.9769,-114.0611,63.59,76,98,5.68
293,Krasnoselkup,RU,2021-12-10 03:38:00,65.7,82.4667,-24.45,100,31,3.94
294,San Patricio,US,2021-12-10 03:38:01,28.017,-97.5169,75.83,92,31,13.73
295,Kudahuvadhoo,MV,2021-12-10 03:38:01,2.6708,72.8944,82.51,75,87,11.3
296,East London,ZA,2021-12-10 03:36:55,-33.0153,27.9116,68.94,94,75,3.44
297,Bilibino,RU,2021-12-10 03:38:02,68.0546,166.4372,-45.53,100,93,2.17
298,Grants,US,2021-12-10 03:36:36,35.1473,-107.8514,40.96,65,22,21.43
299,Vila,PT,2021-12-10 03:38:04,42.0304,-8.1588,47.75,95,100,6.15
300,San Cristobal,VE,2021-12-10 03:37:04,7.7669,-72.225,69.98,96,100,2.46
301,Aswan,EG,2021-12-10 03:38:03,24.0934,32.907,54.7,66,0,12.66
302,Pulandian,CN,2021-12-10 03:38:06,39.3953,121.9669,46.53,48,2,11.25
303,Mugur-Aksy,RU,2021-12-10 03:38:06,50.35,90.5,0.01,63,24,5.12
304,Salo,IT,2021-12-10 03:38:07,45.6086,10.531,35.78,72,44,6.51
305,Fairbanks,US,2021-12-10 03:38:07,64.8378,-147.7164,16.3,85,75,6.91
306,Benghazi,LY,2021-12-10 03:38:07,32.1167,20.0667,62.02,48,0,9.4
307,Puerto Baquerizo Moreno,EC,2021-12-10 03:32:37,-0.9,-89.6,69.44,90,100,8.63
308,Mayumba,GA,2021-12-10 03:38:09,-3.432,10.6554,77.23,92,94,6.02
309,Huarmey,PE,2021-12-10 03:38:10,-10.0681,-78.1522,67.6,85,100,6.13
310,Husavik,IS,2021-12-10 03:38:11,66.0449,-17.3389,33.71,86,98,1.25
311,Makakilo City,US,2021-12-10 03:34:00,21.3469,-158.0858,77.32,65,75,13.8
312,Lasa,IT,2021-12-10 03:38:12,46.6166,10.7002,22.03,73,35,2.68
313,Ajdabiya,LY,2021-12-10 03:38:12,30.7554,20.2263,52.61,39,0,8.86
314,Ambilobe,MG,2021-12-10 03:38:13,-13.2,49.05,78.6,62,96,3.58
315,Vao,NC,2021-12-10 03:38:13,-22.6667,167.4833,79.48,80,7,11.79
316,Bambous Virieux,MU,2021-12-10 03:37:42,-20.3428,57.7575,79.21,88,40,2.3
317,Sawankhalok,TH,2021-12-10 03:38:14,17.316,99.8319,85.69,73,1,3.44
318,Dingle,PH,2021-12-10 03:37:19,10.9995,122.6711,82.9,77,82,15.75
319,Kavieng,PG,2021-12-10 03:36:15,-2.5744,150.7967,84.07,79,92,14.05
320,Lazaro Cardenas,MX,2021-12-10 03:38:15,17.9583,-102.2,75.61,86,31,3.76
321,Biak,ID,2021-12-10 03:38:15,-0.9131,122.8766,84.04,68,87,1.63
322,Tual,ID,2021-12-10 03:38:16,-5.6667,132.75,84.27,76,100,19.04
323,Aviles,ES,2021-12-10 03:35:09,43.5547,-5.9248,59.77,89,90,18.01
324,Aitape,PG,2021-12-10 03:38:16,-3.1374,142.3475,86.36,70,53,10.47
325,San Quintin,MX,2021-12-10 03:38:17,30.4833,-115.95,59.34,84,80,9.06
326,Tokmak,UA,2021-12-10 03:37:59,47.2514,35.7058,45.77,89,100,6.62
327,Valparaiso,CL,2021-12-10 03:38:18,-33.0393,-71.6273,54.52,89,0,2.13
328,Marfino,RU,2021-12-10 03:38:18,55.7028,37.3822,5.34,84,0,4.47
329,Toowoomba,AU,2021-12-10 03:38:18,-27.55,151.9667,79.25,45,92,5.99
330,Berdigestyakh,RU,2021-12-10 03:38:19,62.0989,126.6992,-3.77,98,100,3.83
331,Simao,CN,2021-12-10 03:38:19,22.7886,100.9748,68.63,59,1,3.56
332,Mackay,AU,2021-12-10 03:37:56,-21.15,149.2,90.05,58,57,12.66
333,Ileza,RU,2021-12-10 03:38:20,61.0533,43.9002,-6.09,100,84,3.87
334,Lavrentiya,RU,2021-12-10 03:38:21,65.5833,-171.0,-6.21,82,87,10.25
335,Palmer,US,2021-12-10 03:38:21,42.1584,-72.3287,31.46,74,90,0.0
336,Caravelas,BR,2021-12-10 03:38:22,-17.7125,-39.2481,71.82,97,100,3.47
337,Necochea,AR,2021-12-10 03:38:22,-38.5473,-58.7368,62.04,63,100,11.41
338,Lenger,KZ,2021-12-10 03:38:23,42.183,69.8839,29.64,23,0,5.12
339,Bandarbeyla,SO,2021-12-10 03:37:40,9.4942,50.8122,76.01,70,6,17.47
340,Chalmette,US,2021-12-10 03:38:25,29.9427,-89.9634,73.99,87,90,4.0
341,Altay,CN,2021-12-10 03:38:25,47.8667,88.1167,3.81,83,47,2.37
342,Puerto Escondido,MX,2021-12-10 03:38:26,15.85,-97.0667,83.23,65,75,3.44
343,Brunsbuttel,DE,2021-12-10 03:38:26,53.9,9.15,37.0,93,100,3.0
344,Bambanglipuro,ID,2021-12-10 03:38:27,-7.95,110.2833,74.61,67,51,6.89
345,Bukachacha,RU,2021-12-10 03:38:27,52.9833,116.9167,11.32,74,100,3.56
346,Ixtapa,MX,2021-12-10 03:38:28,20.7,-105.2,72.23,78,1,0.0
347,Aromashevo,RU,2021-12-10 03:38:28,56.8602,68.6375,14.34,71,98,12.8
348,Acapulco,MX,2021-12-10 03:37:35,16.8634,-99.8901,80.42,83,40,2.3
349,La Palma,US,2021-12-10 03:38:29,33.8464,-118.0467,57.49,82,20,3.44
350,Lieksa,FI,2021-12-10 03:38:29,63.3167,30.0167,5.63,94,75,5.35
351,Adjumani,UG,2021-12-10 03:38:30,3.3779,31.7909,71.89,64,35,1.9
352,Saint-Pierre,RE,2021-12-10 03:38:31,-21.3393,55.4781,80.24,69,75,4.61
353,Shimoda,JP,2021-12-10 03:38:31,34.6667,138.95,55.76,67,100,8.03
354,Mahibadhoo,MV,2021-12-10 03:38:32,3.7833,72.9667,82.27,75,53,10.98
355,Darnah,LY,2021-12-10 03:38:32,32.767,22.6367,56.28,58,59,23.31
356,Prince Albert,CA,2021-12-10 03:38:33,53.2001,-105.7677,10.35,79,1,5.75
357,Grants Pass,US,2021-12-10 03:38:34,42.439,-123.3284,42.31,88,90,0.0
358,Nelson Bay,AU,2021-12-10 03:38:35,-32.7167,152.15,77.76,35,6,4.0
359,Bonthe,SL,2021-12-10 03:38:35,7.5264,-12.505,79.39,83,38,1.7
360,Airai,TL,2021-12-10 03:36:44,-8.9266,125.4092,74.14,61,66,1.88
361,Tezu,IN,2021-12-10 03:38:36,27.9167,96.1667,76.17,35,17,3.09
362,Saint-Georges,GD,2021-12-10 03:38:37,12.0564,-61.7485,78.48,78,20,8.05
363,Rocha,UY,2021-12-10 03:38:37,-34.4833,-54.3333,57.81,91,96,6.08
364,Amahai,ID,2021-12-10 03:38:38,-3.3333,128.9167,87.91,63,70,8.41
365,Parry Sound,CA,2021-12-10 03:38:38,45.3501,-80.033,27.21,86,100,13.94
366,Matagami,CA,2021-12-10 03:38:39,49.7502,-77.6328,1.51,85,90,13.8
367,Chifeng,CN,2021-12-10 03:38:40,42.2683,118.9636,35.56,33,0,5.39
368,Gasa,PS,2021-12-10 03:38:41,31.5,34.4667,55.18,67,53,6.51
369,Waddan,LY,2021-12-10 03:38:41,29.1614,16.139,47.71,43,0,7.4
370,Yerbogachen,RU,2021-12-10 03:38:42,61.2767,108.0108,0.32,91,100,10.07
371,Mehamn,NO,2021-12-10 03:38:42,71.0357,27.8492,20.46,78,8,13.98
372,Cascais,PT,2021-12-10 03:38:43,38.6979,-9.4215,58.51,76,42,1.01
373,Saint George,US,2021-12-10 03:37:51,37.1041,-113.5841,46.99,87,90,5.01
374,Jaguarari,BR,2021-12-10 03:38:44,-10.2639,-40.1958,69.82,90,96,5.57
375,Nara,JP,2021-12-10 03:38:44,34.6851,135.8049,62.49,40,99,4.0
376,Aguada De Pasajeros,CU,2021-12-10 03:38:45,22.385,-80.8508,71.74,90,1,7.45
377,Safford,US,2021-12-10 03:38:45,32.834,-109.7076,63.07,35,1,11.5
378,Christiansburg,US,2021-12-10 03:38:46,37.1298,-80.4089,35.64,78,1,0.0
379,Portalegre,PT,2021-12-10 03:38:46,39.2938,-7.4312,49.5,98,89,5.32
380,Roquetas De Mar,ES,2021-12-10 03:38:47,36.7642,-2.6148,51.8,63,51,3.22
381,Boguchany,RU,2021-12-10 03:38:47,58.3814,97.4531,8.04,90,100,12.44
382,Chunskiy,RU,2021-12-10 03:38:49,56.0815,99.6342,12.07,89,100,15.26
383,Imeni Poliny Osipenko,RU,2021-12-10 03:38:49,52.4201,136.4853,22.46,90,100,4.56
384,Guerrero,MX,2021-12-10 03:38:50,17.6667,-100.0,64.81,65,37,3.49
385,Chitipa,MW,2021-12-10 03:38:50,-9.7024,33.2697,65.3,80,48,2.66
386,Mafinga,TZ,2021-12-10 03:38:51,-7.25,35.0667,69.31,73,50,2.01
387,Payo,ID,2021-12-10 03:38:36,-3.7508,103.6372,74.73,97,99,3.94
388,Tangjiazhuang,CN,2021-12-10 03:38:52,39.7333,118.45,46.53,32,58,8.48
389,Charters Towers,AU,2021-12-10 03:38:52,-20.1,146.2667,98.53,14,1,10.38
390,Maragogi,BR,2021-12-10 03:36:24,-9.0122,-35.2225,78.51,82,87,9.62
391,Roald,NO,2021-12-10 03:38:53,62.5833,6.1333,39.34,52,6,16.11
392,Bom Jesus Do Galho,BR,2021-12-10 03:38:54,-19.8289,-42.3161,68.59,96,21,2.84
393,Provost,CA,2021-12-10 03:38:55,52.3501,-110.2683,18.05,85,52,6.4
394,Camacha,PT,2021-12-10 03:38:56,33.0833,-16.3333,60.53,67,75,11.5
395,Teguise,ES,2021-12-10 03:38:56,29.0605,-13.564,61.02,77,1,20.71
396,Egvekinot,RU,2021-12-10 03:38:57,66.3167,-179.1667,-15.07,86,87,11.3
397,Carutapera,BR,2021-12-10 03:38:57,-1.195,-46.02,79.52,83,68,5.7
398,Cherskiy,RU,2021-12-10 03:38:05,68.75,161.3,-44.03,100,97,5.44
399,Namibe,AO,2021-12-10 03:38:58,-15.1961,12.1522,69.84,66,82,5.32
400,Gushikawa,JP,2021-12-10 03:38:59,26.3544,127.8686,74.79,48,1,9.22
401,Berbera,SO,2021-12-10 03:38:59,10.4396,45.0143,73.56,67,4,6.91
402,Esil,KZ,2021-12-10 03:39:00,51.9556,66.4042,12.45,72,57,10.6
403,Honiara,SB,2021-12-10 03:39:00,-9.4333,159.95,86.11,73,82,4.76
404,Snezhnogorsk,RU,2021-12-10 03:39:01,69.1933,33.2531,13.78,95,92,12.03
405,Baijiantan,CN,2021-12-10 03:39:01,45.6333,85.1833,18.01,67,35,7.85
406,Khorixas,NA,2021-12-10 03:39:02,-20.3667,14.9667,73.9,56,100,9.95
407,Canora,CA,2021-12-10 03:39:02,51.6333,-102.4343,15.82,95,10,6.26
408,Constitucion,CL,2021-12-10 03:39:03,-35.3333,-72.4167,55.51,93,6,0.63
409,Talnakh,RU,2021-12-10 03:39:03,69.4865,88.3972,-28.66,99,68,4.45
410,Bhimunipatnam,IN,2021-12-10 03:39:04,17.8833,83.4333,76.51,72,0,9.42
411,Price,US,2021-12-10 03:35:22,39.5994,-110.8107,38.12,80,90,12.66
412,West Wendover,US,2021-12-10 03:39:05,40.7391,-114.0733,29.41,59,1,13.8
413,Maceio,BR,2021-12-10 03:39:06,-9.6658,-35.7353,80.04,83,40,3.44
414,Coria,ES,2021-12-10 03:39:06,39.9879,-6.5377,50.45,92,79,3.89
415,Cockburn Town,TC,2021-12-10 03:35:18,21.4612,-71.1419,79.74,70,3,17.36
416,Mikhaylovka,RU,2021-12-10 03:39:07,50.06,43.2379,32.79,90,100,8.68
417,Addis Abeba,ET,2021-12-10 03:38:30,9.025,38.7469,47.66,26,5,3.36
418,Sorland,NO,2021-12-10 03:39:08,67.667,12.6934,35.69,66,100,16.11
419,Stromness,GB,2021-12-10 03:39:09,58.965,-3.296,40.96,71,100,19.01
420,Kisangani,CD,2021-12-10 03:39:09,0.5167,25.2,71.98,84,23,1.79
421,Korem,ET,2021-12-10 03:39:10,12.5058,39.5228,44.15,54,0,2.17
422,Bitung,ID,2021-12-10 03:39:10,1.4451,125.1824,88.65,69,70,1.57
423,Calama,CL,2021-12-10 03:39:11,-22.4667,-68.9333,59.49,14,20,10.36
424,Halifax,CA,2021-12-10 03:39:12,44.6453,-63.5724,21.25,87,39,5.75
425,Eyl,SO,2021-12-10 03:37:22,7.9803,49.8164,75.0,65,19,18.54
426,Shemonaikha,KZ,2021-12-10 03:39:12,50.6328,81.9056,-0.85,89,90,5.28
427,Presidente Medici,BR,2021-12-10 03:39:13,-11.1753,-61.9014,74.08,97,100,3.02
428,Shubarshi,KZ,2021-12-10 03:39:14,48.5872,57.1869,31.15,40,100,17.58
429,Porto Belo,BR,2021-12-10 03:39:14,-27.1578,-48.5531,67.95,77,99,7.76
430,Thunder Bay,CA,2021-12-10 03:37:25,48.4001,-89.3168,30.18,85,90,9.22
431,Batamshinskiy,KZ,2021-12-10 03:39:15,50.5594,58.2747,10.38,77,100,14.52
432,Udachnyy,RU,2021-12-10 03:39:16,66.4167,112.4,-11.36,97,97,5.7
433,Yinchuan,CN,2021-12-10 03:39:17,38.4681,106.2731,40.14,32,99,4.03
434,Aksarka,RU,2021-12-10 03:39:18,66.5606,67.7975,7.25,94,100,4.34
435,Itoman,JP,2021-12-10 03:39:19,26.1247,127.6694,75.58,50,20,10.36
436,Marzuq,YE,2021-12-10 03:39:19,14.4,46.4667,56.12,28,0,3.38
437,Lebyazhye,RU,2021-12-10 03:39:20,55.2689,66.4947,10.26,74,58,11.18
438,Vestmannaeyjar,IS,2021-12-10 03:37:24,63.4427,-20.2734,36.45,83,100,7.61
439,Tuatapere,NZ,2021-12-10 03:39:15,-46.1333,167.6833,60.82,58,98,10.6
440,Luanda,AO,2021-12-10 03:36:36,-8.8368,13.2343,77.05,87,100,6.02
441,Nogliki,RU,2021-12-10 03:37:06,51.8333,143.1667,32.07,92,100,4.18
442,Mandera,KE,2021-12-10 03:39:21,3.9366,41.867,75.49,66,8,7.31
443,Niquero,CU,2021-12-10 03:39:22,20.0431,-77.5828,74.53,82,3,13.89
444,Roebourne,AU,2021-12-10 03:37:39,-20.7833,117.1333,99.14,29,17,11.99
445,Opunake,NZ,2021-12-10 03:39:22,-39.4556,173.8583,75.34,80,90,12.77
446,Plettenberg Bay,ZA,2021-12-10 03:39:23,-34.0527,23.3716,65.5,95,85,4.32
447,Svetlaya,RU,2021-12-10 03:39:24,46.5389,138.3297,39.15,74,100,3.96
448,Mayo,US,2021-12-10 03:39:24,38.8876,-76.5119,40.98,72,1,5.01
449,Norheimsund,NO,2021-12-10 03:39:25,60.3709,6.1456,41.49,80,8,10.76
450,Hualmay,PE,2021-12-10 03:39:25,-11.0964,-77.6139,66.65,86,97,7.31
451,Laguna,US,2021-12-10 03:39:26,38.421,-121.4238,50.47,85,1,0.0
452,Oyo,NG,2021-12-10 03:39:26,7.85,3.9333,71.62,26,1,3.71
453,Kirkby,GB,2021-12-10 03:39:27,53.4833,-2.9,44.53,80,40,5.01
454,Yaan,NG,2021-12-10 03:39:27,7.3833,8.5667,71.58,24,2,4.68
455,Hofn,IS,2021-12-10 03:36:23,64.2539,-15.2082,37.44,74,91,19.17
456,Kunhegyes,HU,2021-12-10 03:39:28,47.3667,20.6333,33.78,98,100,6.55
457,Puerto Del Rosario,ES,2021-12-10 03:39:28,28.5004,-13.8627,65.95,77,5,25.32
458,Glendive,US,2021-12-10 03:39:28,47.1053,-104.7125,22.48,79,1,6.91
459,Mastic Beach,US,2021-12-10 03:39:29,40.7668,-72.8521,38.12,72,75,0.0
460,Pop,UZ,2021-12-10 03:39:29,40.8736,71.1089,32.49,28,0,2.98
461,Manadhoo,MV,2021-12-10 03:39:30,5.7667,73.3833,81.59,76,74,10.4
462,Armizonskoye,RU,2021-12-10 03:39:30,55.9461,67.6736,11.53,73,67,12.08
463,Rapar,IN,2021-12-10 03:39:31,23.5667,70.6333,71.69,36,17,11.16
464,Dunedin,NZ,2021-12-10 03:39:31,-45.8742,170.5036,60.8,60,77,1.99
465,Vila Franca Do Campo,PT,2021-12-10 03:39:32,37.7167,-25.4333,59.2,75,31,1.57
466,Riyadh,SA,2021-12-10 03:37:06,24.6877,46.7219,51.94,46,18,8.14
467,Dubrovnik,HR,2021-12-10 03:38:44,42.6481,18.0922,47.84,81,75,8.05
468,Tecpan,GT,2021-12-10 03:39:32,14.7623,-90.9947,53.37,95,5,4.9
469,Santander,ES,2021-12-10 03:39:33,43.4647,-3.8044,58.71,92,75,14.0
470,Asfi,MA,2021-12-10 03:39:33,32.2994,-9.2372,55.24,79,0,17.6
471,Kayes,ML,2021-12-10 03:39:34,14.0,-11.0,73.2,17,1,3.04
472,Williston,US,2021-12-10 03:35:02,48.147,-103.618,25.21,91,5,4.72
473,Maba,CN,2021-12-10 03:39:35,24.6841,113.5984,72.1,40,1,2.04
474,Nantucket,US,2021-12-10 03:39:35,41.2835,-70.0995,35.71,60,1,0.0
475,College,US,2021-12-10 03:39:36,64.8569,-147.8028,16.29,84,75,0.0
476,Rock Springs,US,2021-12-10 03:39:36,41.5875,-109.2029,28.04,87,90,5.01
477,Newport,GB,2021-12-10 03:35:48,51.5877,-2.9984,45.01,80,67,21.0
478,Casselman,CA,2021-12-10 03:39:37,45.3168,-75.0826,18.77,86,100,9.17
479,Qena,EG,2021-12-10 03:39:38,26.1615,32.7183,48.31,44,80,3.69
480,Eydhafushi,MV,2021-12-10 03:39:39,5.1033,73.0708,81.05,78,58,10.83
481,Coquimbo,CL,2021-12-10 03:37:56,-29.9533,-71.3436,60.53,82,90,4.61
482,Pizarro,CO,2021-12-10 03:39:40,4.9533,-77.366,76.87,92,98,5.95
483,Yumen,CN,2021-12-10 03:39:41,40.2833,97.2,28.6,53,100,4.68
484,Ca Mau,VN,2021-12-10 03:39:41,9.1769,105.15,83.26,60,23,7.14
485,Biryusinsk,RU,2021-12-10 03:39:42,55.9634,97.8235,12.31,89,100,18.43
486,Longjiang,CN,2021-12-10 03:39:42,47.3303,123.1836,28.49,74,100,7.96
487,Augusto Correa,BR,2021-12-10 03:39:43,-1.0217,-46.635,76.91,92,71,2.82
488,El Tarra,CO,2021-12-10 03:39:43,8.5756,-73.0949,73.71,98,99,2.48
489,San Cosme Y Damian,PY,2021-12-10 03:39:44,-27.3167,-56.35,77.18,49,0,5.28
490,Kirakira,SB,2021-12-10 03:39:44,-10.4544,161.9205,84.65,76,98,4.52
491,Okha,RU,2021-12-10 03:39:45,53.5739,142.9478,27.32,86,100,8.75
492,Lanja,IN,2021-12-10 03:39:46,16.85,73.55,82.81,56,0,7.61
493,Kungurtug,RU,2021-12-10 03:39:46,50.5994,97.5228,-0.06,86,91,0.47
494,Corinto,GR,2021-12-10 03:39:47,37.9407,22.9573,63.9,79,67,1.99
495,Villarrica,PY,2021-12-10 03:39:47,-25.75,-56.4333,68.5,51,0,1.81
496,Kosonsoy,UZ,2021-12-10 03:39:48,41.2561,71.5508,27.16,13,0,4.61
497,Sitka,US,2021-12-10 03:36:36,57.0531,-135.33,35.49,80,90,12.66
498,San Jose,US,2021-12-10 03:38:58,37.3394,-121.895,51.85,81,40,3.44
499,Whitefish,US,2021-12-10 03:39:49,48.4111,-114.3376,30.11,76,90,5.75
500,Hilton Head Island,US,2021-12-10 03:39:49,32.2163,-80.7526,55.51,89,1,9.22
501,Chepareria,KE,2021-12-10 03:39:50,1.3077,35.2039,60.39,77,24,4.88
502,Stutterheim,ZA,2021-12-10 03:39:51,-32.5708,27.424,59.63,89,8,2.57
503,Talara,PE,2021-12-10 03:39:51,-4.5772,-81.2719,67.32,85,98,10.45
504,Cabo Rojo,PR,2021-12-10 03:39:52,18.0866,-67.1457,76.95,87,1,8.9
505,Tete,MZ,2021-12-10 03:39:52,-16.1564,33.5867,82.49,54,20,9.22
506,Phu Ly,VN,2021-12-10 03:39:52,20.5411,105.9139,76.21,53,30,5.41
507,Muzhi,RU,2021-12-10 03:39:53,65.3667,64.6667,10.63,96,100,4.32
508,Macamic,CA,2021-12-10 03:39:53,48.7502,-78.9996,10.63,85,100,10.16
509,Sao Felix Do Xingu,BR,2021-12-10 03:35:49,-6.6447,-51.995,72.25,99,100,0.85
510,Manokwari,ID,2021-12-10 03:39:34,-0.8667,134.0833,83.62,74,100,5.66
511,Trairi,BR,2021-12-10 03:36:30,-3.2778,-39.2689,80.71,76,95,11.92
512,San Jeronimo,PE,2021-12-10 03:39:54,-11.9472,-75.2829,53.64,84,100,2.66
513,Batouri,CM,2021-12-10 03:39:55,4.4333,14.3667,66.45,40,41,1.79
514,Yilan,TW,2021-12-10 03:36:25,24.757,121.753,77.11,82,99,3.51
515,Tenenkou,ML,2021-12-10 03:39:55,14.4572,-4.9169,69.66,16,53,9.08
516,Chik,RU,2021-12-10 03:39:56,54.9928,82.4311,4.75,81,90,8.95
517,Pevek,RU,2021-12-10 03:38:47,69.7008,170.3133,-26.73,99,99,6.4
518,Zaraza,VE,2021-12-10 03:39:56,9.3503,-65.3245,76.69,81,100,7.0
519,Ippy,CF,2021-12-10 03:39:57,6.2679,21.2247,67.19,36,6,3.47
520,Panaba,MX,2021-12-10 03:39:57,21.2833,-88.2667,71.74,94,100,6.55
521,Yamada,JP,2021-12-10 03:39:58,39.4667,141.95,50.13,60,92,2.64
522,Half Moon Bay,US,2021-12-10 03:37:21,37.4636,-122.4286,51.91,78,40,4.0
523,Havre-Saint-Pierre,CA,2021-12-10 03:38:15,50.2334,-63.5986,14.0,61,1,9.22
524,Penzance,GB,2021-12-10 03:37:54,50.1186,-5.5371,47.41,67,81,34.47
525,Henties Bay,NA,2021-12-10 03:40:00,-22.116,14.2845,58.86,91,35,5.41
526,Belmonte,BR,2021-12-10 03:36:16,-15.8631,-38.8828,72.1,92,100,5.03
527,Nizwa,OM,2021-12-10 03:40:00,22.9333,57.5333,66.07,34,6,0.34
528,Ahuimanu,US,2021-12-10 03:40:01,21.4447,-157.8378,78.51,70,75,12.66
529,Drensteinfurt,DE,2021-12-10 03:40:02,51.7953,7.7382,39.42,80,100,12.26
530,Novokayakent,RU,2021-12-10 03:40:02,42.3937,47.9861,51.85,83,58,3.44
531,Vestmanna,FO,2021-12-10 03:40:03,62.1564,-7.1664,40.12,93,90,19.57
532,Krasnyy Kut,RU,2021-12-10 03:40:03,50.95,46.9667,31.14,98,100,11.34
533,Bornheim,DE,2021-12-10 03:40:04,50.7667,7.0,40.35,82,40,7.0
534,Rawson,AR,2021-12-10 03:39:12,-43.3002,-65.1023,59.04,66,2,8.03
535,Port Hardy,CA,2021-12-10 03:38:45,50.6996,-127.4199,39.2,93,75,6.91
536,Atar,MR,2021-12-10 03:40:05,20.5169,-13.0499,62.76,13,99,9.86
537,Kochubey,RU,2021-12-10 03:40:06,44.3861,46.5825,48.76,79,100,11.21
538,Nurota,UZ,2021-12-10 03:40:06,40.5614,65.6886,41.09,13,0,2.95
539,Comodoro Rivadavia,AR,2021-12-10 03:40:06,-45.8667,-67.5,55.26,71,0,3.44
540,Fare,PF,2021-12-10 03:40:07,-16.7,-151.0167,80.94,71,9,12.84
541,Solnechnyy,RU,2021-12-10 03:40:07,50.7214,136.6319,26.65,85,100,2.84
542,Mitsamiouli,KM,2021-12-10 03:40:08,-11.3847,43.2844,80.89,69,20,11.5
543,Kodinsk,RU,2021-12-10 03:40:08,58.6881,99.1844,8.06,91,100,11.79
544,Sarakhs,IR,2021-12-10 03:40:08,36.5449,61.1577,55.9,25,0,6.6
545,Cloquet,US,2021-12-10 03:40:09,46.7216,-92.4594,31.59,69,90,12.66
546,Kelme,LT,2021-12-10 03:40:10,55.6339,22.9342,24.82,94,100,13.76
547,Broken Hill,AU,2021-12-10 03:40:10,-31.95,141.4333,71.31,33,0,13.8
548,Valdivia,CL,2021-12-10 03:40:10,-39.8142,-73.2459,68.09,57,0,2.82
549,Okhotsk,RU,2021-12-10 03:39:59,59.3833,143.3,1.42,83,75,8.1
550,Bairiki,KI,2021-12-10 03:40:11,1.3292,172.9752,87.8,66,20,11.5
551,Fuzhou,CN,2021-12-10 03:39:25,26.0614,119.3061,67.89,62,62,7.07
552,Boke,GN,2021-12-10 03:40:12,10.9409,-14.2967,71.24,92,7,1.63
553,Petrvald,CZ,2021-12-10 03:40:13,49.831,18.3894,32.65,94,100,6.51
554,Leua,SK,2021-12-10 03:37:35,48.2156,18.6071,34.21,99,90,1.54
555,Ivanovka,KG,2021-12-10 03:40:15,42.8878,75.085,23.43,30,0,4.25
556,Farafangana,MG,2021-12-10 03:40:15,-22.8167,47.8333,78.04,77,76,5.68
557,Isabela,PH,2021-12-10 03:40:16,6.7085,121.9711,86.05,69,100,4.83
558,Nuevo Progreso,MX,2021-12-10 03:40:17,23.1667,-97.95,76.59,96,34,5.75
559,Novi Sanzhary,UA,2021-12-10 03:40:17,49.3439,34.3108,43.88,93,100,7.36
560,Sallanches,FR,2021-12-10 03:40:18,45.9442,6.6316,35.96,96,100,7.61
561,Rawlins,US,2021-12-10 03:40:18,41.7911,-107.2387,30.42,93,90,3.44
562,Poum,NC,2021-12-10 03:38:04,-20.2333,164.0167,82.47,77,74,14.74
563,Shahrud,IR,2021-12-10 03:40:19,36.4182,54.9763,41.38,51,0,4.29
564,Paciran,ID,2021-12-10 03:40:20,-6.8767,112.3761,87.28,63,82,5.48
565,Kushima,JP,2021-12-10 03:40:21,31.4583,131.2333,62.11,69,99,2.68
566,Havoysund,NO,2021-12-10 03:40:22,70.9963,24.6622,22.08,69,33,10.98
567,Altagracia De Orituco,VE,2021-12-10 03:40:22,9.8601,-66.3814,70.74,91,93,6.29
568,Itarema,BR,2021-12-10 03:36:22,-2.9248,-39.9167,80.31,80,55,12.44
569,Santa Rosalia,MX,2021-12-10 03:40:23,27.3167,-112.2833,63.0,77,56,10.09
